year,indicator_code,value,indicator_name
2024,IT.NET.USER.ZS,72.78075544,internet_users_pct
2023,IT.NET.USER.ZS,69.20836554,internet_users_pct
2022,IT.NET.USER.ZS,66.48461277,internet_users_pct
2021,IT.NET.USER.ZS,62.10447842,internet_users_pct
2020,IT.NET.USER.ZS,53.72649449,internet_users_pct
2019,IT.NET.USER.ZS,47.6906489788375,internet_users_pct
2018,IT.NET.USER.ZS,39.9046386385762,internet_users_pct
2017,IT.NET.USER.ZS,32.335806250688,internet_users_pct
2016,IT.NET.USER.ZS,25.447353701827,internet_users_pct
2015,IT.NET.USER.ZS,22.062742603379,internet_users_pct
2014,IT.NET.USER.ZS,17.1431598350566,internet_users_pct
2013,IT.NET.USER.ZS,14.94,internet_users_pct
2012,IT.NET.USER.ZS,14.52,internet_users_pct
2011,IT.NET.USER.ZS,12.28,internet_users_pct
2010,IT.NET.USER.ZS,10.92,internet_users_pct
2009,IT.NET.USER.ZS,6.92,internet_users_pct
2008,IT.NET.USER.ZS,7.917500019,internet_users_pct
2007,IT.NET.USER.ZS,5.78627472934199,internet_users_pct
2006,IT.NET.USER.ZS,4.76481313366657,internet_users_pct
2005,IT.NET.USER.ZS,3.60202476259646,internet_users_pct
2004,IT.NET.USER.ZS,2.60028587633414,internet_users_pct
2003,IT.NET.USER.ZS,2.38701977959476,internet_users_pct
2002,IT.NET.USER.ZS,2.13413573295808,internet_users_pct
2001,IT.NET.USER.ZS,2.01861385948459,internet_users_pct
2000,IT.NET.USER.ZS,0.925563864466858,internet_users_pct
1999,IT.NET.USER.ZS,0.444,internet_users_pct
1998,IT.NET.USER.ZS,0.255,internet_users_pct
1997,IT.NET.USER.ZS,0.195,internet_users_pct
1996,IT.NET.USER.ZS,0.0566,internet_users_pct
1995,IT.NET.USER.ZS,0.0261,internet_users_pct
1994,IT.NET.USER.ZS,0.00106,internet_users_pct
1990,IT.NET.USER.ZS,0.0,internet_users_pct
2024,IT.CEL.SETS.P2,122.514946500491,mobile_subscriptions_per_100
2023,IT.CEL.SETS.P2,125.238194847046,mobile_subscriptions_per_100
2022,IT.CEL.SETS.P2,122.873012230307,mobile_subscriptions_per_100
2021,IT.CEL.SETS.P2,132.199444256099,mobile_subscriptions_per_100
2020,IT.CEL.SETS.P2,129.40362112725,mobile_subscriptions_per_100
2019,IT.CEL.SETS.P2,125.244348145809,mobile_subscriptions_per_100
2018,IT.CEL.SETS.P2,118.330216938024,mobile_subscriptions_per_100
2017,IT.CEL.SETS.P2,162.782511760443,mobile_subscriptions_per_100
2016,IT.CEL.SETS.P2,145.704251250337,mobile_subscriptions_per_100
2015,IT.CEL.SETS.P2,129.468797674053,mobile_subscriptions_per_100
2014,IT.CEL.SETS.P2,125.767185647597,mobile_subscriptions_per_100
2013,IT.CEL.SETS.P2,122.424816798816,mobile_subscriptions_per_100
2012,IT.CEL.SETS.P2,111.581048999,mobile_subscriptions_per_100
2011,IT.CEL.SETS.P2,100.134519965107,mobile_subscriptions_per_100
2010,IT.CEL.SETS.P2,85.7838690956097,mobile_subscriptions_per_100
2009,IT.CEL.SETS.P2,67.2958400448831,mobile_subscriptions_per_100
2008,IT.CEL.SETS.P2,58.5357555358068,mobile_subscriptions_per_100
2007,IT.CEL.SETS.P2,39.3933857996178,mobile_subscriptions_per_100
2006,IT.CEL.SETS.P2,27.2718805165778,mobile_subscriptions_per_100
2005,IT.CEL.SETS.P2,20.3186367836848,mobile_subscriptions_per_100
2004,IT.CEL.SETS.P2,13.3098113507561,mobile_subscriptions_per_100
2003,IT.CEL.SETS.P2,8.21835801363769,mobile_subscriptions_per_100
2002,IT.CEL.SETS.P2,5.26817023997574,mobile_subscriptions_per_100
2001,IT.CEL.SETS.P2,2.97627085447856,mobile_subscriptions_per_100
2000,IT.CEL.SETS.P2,1.69815092981097,mobile_subscriptions_per_100
1999,IT.CEL.SETS.P2,1.052607358,mobile_subscriptions_per_100
1998,IT.CEL.SETS.P2,0.512769723,mobile_subscriptions_per_100
1997,IT.CEL.SETS.P2,0.447726102,mobile_subscriptions_per_100
1996,IT.CEL.SETS.P2,0.279339729,mobile_subscriptions_per_100
1995,IT.CEL.SETS.P2,0.106310098,mobile_subscriptions_per_100
1994,IT.CEL.SETS.P2,0.040026977,mobile_subscriptions_per_100
1993,IT.CEL.SETS.P2,0.027870427,mobile_subscriptions_per_100
1992,IT.CEL.SETS.P2,0.018851452,mobile_subscriptions_per_100
1991,IT.CEL.SETS.P2,0.013232541,mobile_subscriptions_per_100
1990,IT.CEL.SETS.P2,0.009934131,mobile_subscriptions_per_100
1989,IT.CEL.SETS.P2,0.007224398,mobile_subscriptions_per_100
1988,IT.CEL.SETS.P2,0.005127077,mobile_subscriptions_per_100
1987,IT.CEL.SETS.P2,0.003666018,mobile_subscriptions_per_100
1986,IT.CEL.SETS.P2,0.002678921,mobile_subscriptions_per_100
1985,IT.CEL.SETS.P2,0.001223825,mobile_subscriptions_per_100
1984,IT.CEL.SETS.P2,0.001078038,mobile_subscriptions_per_100
1983,IT.CEL.SETS.P2,0.0,mobile_subscriptions_per_100
1982,IT.CEL.SETS.P2,0.0,mobile_subscriptions_per_100
1981,IT.CEL.SETS.P2,0.0,mobile_subscriptions_per_100
1980,IT.CEL.SETS.P2,0.0,mobile_subscriptions_per_100
1979,IT.CEL.SETS.P2,0.0,mobile_subscriptions_per_100
1978,IT.CEL.SETS.P2,0.0,mobile_subscriptions_per_100
1977,IT.CEL.SETS.P2,0.0,mobile_subscriptions_per_100
1976,IT.CEL.SETS.P2,0.0,mobile_subscriptions_per_100
1975,IT.CEL.SETS.P2,0.0,mobile_subscriptions_per_100
1970,IT.CEL.SETS.P2,0.0,mobile_subscriptions_per_100
1965,IT.CEL.SETS.P2,0.0,mobile_subscriptions_per_100
1960,IT.CEL.SETS.P2,0.0,mobile_subscriptions_per_100
2023,FB.CBK.BRCH.P5,11.6947628615698,bank_branches_per_100k_adults
2022,FB.CBK.BRCH.P5,12.3669584996456,bank_branches_per_100k_adults
2021,FB.CBK.BRCH.P5,15.9173180592044,bank_branches_per_100k_adults
2020,FB.CBK.BRCH.P5,15.2729294832128,bank_branches_per_100k_adults
2019,FB.CBK.BRCH.P5,15.6503864886917,bank_branches_per_100k_adults
2018,FB.CBK.BRCH.P5,16.0966938200701,bank_branches_per_100k_adults
2017,FB.CBK.BRCH.P5,16.6472976703959,bank_branches_per_100k_adults
2016,FB.CBK.BRCH.P5,17.1039925559359,bank_branches_per_100k_adults
2015,FB.CBK.BRCH.P5,17.4533778353386,bank_branches_per_100k_adults
2014,FB.CBK.BRCH.P5,17.5854342467378,bank_branches_per_100k_adults
2013,FB.CBK.BRCH.P5,17.355740848749,bank_branches_per_100k_adults
2012,FB.CBK.BRCH.P5,16.5682153351081,bank_branches_per_100k_adults
2011,FB.CBK.BRCH.P5,14.4171118214324,bank_branches_per_100k_adults
2010,FB.CBK.BRCH.P5,7.93106614346667,bank_branches_per_100k_adults
2009,FB.CBK.BRCH.P5,7.47615975947605,bank_branches_per_100k_adults
2008,FB.CBK.BRCH.P5,6.44040879346418,bank_branches_per_100k_adults
2007,FB.CBK.BRCH.P5,5.83869239192551,bank_branches_per_100k_adults
2006,FB.CBK.BRCH.P5,5.5894317734056,bank_branches_per_100k_adults
2005,FB.CBK.BRCH.P5,5.14589779569222,bank_branches_per_100k_adults
2004,FB.CBK.BRCH.P5,5.0477399132249,bank_branches_per_100k_adults
2023,FB.ATM.TOTL.P5,46.0427624920726,atms_per_100k_adults
2022,FB.ATM.TOTL.P5,47.8435272019606,atms_per_100k_adults
2021,FB.ATM.TOTL.P5,48.4548591785955,atms_per_100k_adults
2020,FB.ATM.TOTL.P5,51.8245626786898,atms_per_100k_adults
2019,FB.ATM.TOTL.P5,53.4333664766937,atms_per_100k_adults
2018,FB.ATM.TOTL.P5,54.241352479489,atms_per_100k_adults
2017,FB.ATM.TOTL.P5,54.8141223932801,atms_per_100k_adults
2016,FB.ATM.TOTL.P5,53.8536749114756,atms_per_100k_adults
2015,FB.ATM.TOTL.P5,52.4049980875021,atms_per_100k_adults
2014,FB.ATM.TOTL.P5,48.5304037563361,atms_per_100k_adults
2013,FB.ATM.TOTL.P5,41.3362744474099,atms_per_100k_adults
2012,FB.ATM.TOTL.P5,35.0878043772382,atms_per_100k_adults
2011,FB.ATM.TOTL.P5,16.1242688565636,atms_per_100k_adults
2010,FB.ATM.TOTL.P5,12.7519771132578,atms_per_100k_adults
2009,FB.ATM.TOTL.P5,13.8145677790473,atms_per_100k_adults
2008,FB.ATM.TOTL.P5,12.8386315031284,atms_per_100k_adults
2007,FB.ATM.TOTL.P5,11.219098021182,atms_per_100k_adults
2006,FB.ATM.TOTL.P5,10.2593899217488,atms_per_100k_adults
2005,FB.ATM.TOTL.P5,9.09680582001717,atms_per_100k_adults
2004,FB.ATM.TOTL.P5,8.36704163019687,atms_per_100k_adults
2024,FS.AST.PRVT.GD.ZS,36.3924507638113,private_credit_pct_gdp
2023,FS.AST.PRVT.GD.ZS,36.0128888595253,private_credit_pct_gdp
2022,FS.AST.PRVT.GD.ZS,35.2884329632689,private_credit_pct_gdp
2021,FS.AST.PRVT.GD.ZS,36.9908270556254,private_credit_pct_gdp
2020,FS.AST.PRVT.GD.ZS,38.6795390891453,private_credit_pct_gdp
2019,FS.AST.PRVT.GD.ZS,38.3726939516609,private_credit_pct_gdp
2018,FS.AST.PRVT.GD.ZS,38.8054496665639,private_credit_pct_gdp
2017,FS.AST.PRVT.GD.ZS,38.7323495613041,private_credit_pct_gdp
2016,FS.AST.PRVT.GD.ZS,39.4024246939414,private_credit_pct_gdp
2015,FS.AST.PRVT.GD.ZS,39.1187982955119,private_credit_pct_gdp
2014,FS.AST.PRVT.GD.ZS,36.4235451552096,private_credit_pct_gdp
2013,FS.AST.PRVT.GD.ZS,36.0581396070456,private_credit_pct_gdp
2012,FS.AST.PRVT.GD.ZS,33.4341714348422,private_credit_pct_gdp
2011,FS.AST.PRVT.GD.ZS,30.0821993577662,private_credit_pct_gdp
2010,FS.AST.PRVT.GD.ZS,27.2530411349395,private_credit_pct_gdp
2009,FS.AST.PRVT.GD.ZS,27.6587104878441,private_credit_pct_gdp
2024,NY.GDP.MKTP.KD.ZG,5.03034469419038,gdp_growth_pct
2023,NY.GDP.MKTP.KD.ZG,5.04902331835997,gdp_growth_pct
2022,NY.GDP.MKTP.KD.ZG,5.30719722664799,gdp_growth_pct
2021,NY.GDP.MKTP.KD.ZG,3.70288562827751,gdp_growth_pct
2020,NY.GDP.MKTP.KD.ZG,-2.06551182934165,gdp_growth_pct
2019,NY.GDP.MKTP.KD.ZG,5.01928768046282,gdp_growth_pct
2018,NY.GDP.MKTP.KD.ZG,5.17429153955024,gdp_growth_pct
2017,NY.GDP.MKTP.KD.ZG,5.06978590134916,gdp_growth_pct
2016,NY.GDP.MKTP.KD.ZG,5.03306918280177,gdp_growth_pct
2015,NY.GDP.MKTP.KD.ZG,4.87632230022123,gdp_growth_pct
2014,NY.GDP.MKTP.KD.ZG,5.006668425755,gdp_growth_pct
2013,NY.GDP.MKTP.KD.ZG,5.5572636889101,gdp_growth_pct
2012,NY.GDP.MKTP.KD.ZG,6.03005065305615,gdp_growth_pct
2011,NY.GDP.MKTP.KD.ZG,6.16978420771008,gdp_growth_pct
2010,NY.GDP.MKTP.KD.ZG,6.22385418062366,gdp_growth_pct
2009,NY.GDP.MKTP.KD.ZG,4.62887118256153,gdp_growth_pct
2008,NY.GDP.MKTP.KD.ZG,6.01370360009123,gdp_growth_pct
2007,NY.GDP.MKTP.KD.ZG,6.34502222667214,gdp_growth_pct
2006,NY.GDP.MKTP.KD.ZG,5.50095178520348,gdp_growth_pct
2005,NY.GDP.MKTP.KD.ZG,5.69257130383384,gdp_growth_pct
2004,NY.GDP.MKTP.KD.ZG,5.03087394501685,gdp_growth_pct
2003,NY.GDP.MKTP.KD.ZG,4.78036912167654,gdp_growth_pct
2002,NY.GDP.MKTP.KD.ZG,4.49947539085764,gdp_growth_pct
2001,NY.GDP.MKTP.KD.ZG,3.64346644721492,gdp_growth_pct
2000,NY.GDP.MKTP.KD.ZG,4.9200677470169,gdp_growth_pct
1999,NY.GDP.MKTP.KD.ZG,0.79112608199847,gdp_growth_pct
1998,NY.GDP.MKTP.KD.ZG,-13.1267254923818,gdp_growth_pct
1997,NY.GDP.MKTP.KD.ZG,4.69987885390397,gdp_growth_pct
1996,NY.GDP.MKTP.KD.ZG,7.81818707670867,gdp_growth_pct
1995,NY.GDP.MKTP.KD.ZG,8.22000739903493,gdp_growth_pct
1994,NY.GDP.MKTP.KD.ZG,7.53997109551439,gdp_growth_pct
1993,NY.GDP.MKTP.KD.ZG,6.49640812045304,gdp_growth_pct
1992,NY.GDP.MKTP.KD.ZG,6.49750651682714,gdp_growth_pct
1991,NY.GDP.MKTP.KD.ZG,6.91198283591309,gdp_growth_pct
1990,NY.GDP.MKTP.KD.ZG,7.24213163856464,gdp_growth_pct
1989,NY.GDP.MKTP.KD.ZG,7.45658692516847,gdp_growth_pct
1988,NY.GDP.MKTP.KD.ZG,5.7804984881177,gdp_growth_pct
1987,NY.GDP.MKTP.KD.ZG,4.92592736496611,gdp_growth_pct
1986,NY.GDP.MKTP.KD.ZG,5.87504510359864,gdp_growth_pct
1985,NY.GDP.MKTP.KD.ZG,2.46214356422551,gdp_growth_pct
1984,NY.GDP.MKTP.KD.ZG,6.97552780884124,gdp_growth_pct
1983,NY.GDP.MKTP.KD.ZG,4.1929673681999,gdp_growth_pct
1982,NY.GDP.MKTP.KD.ZG,2.24644534036375,gdp_growth_pct
1981,NY.GDP.MKTP.KD.ZG,7.92715682412874,gdp_growth_pct
1980,NY.GDP.MKTP.KD.ZG,9.88007752166418,gdp_growth_pct
1979,NY.GDP.MKTP.KD.ZG,7.32430948559606,gdp_growth_pct
1978,NY.GDP.MKTP.KD.ZG,6.76706985763171,gdp_growth_pct
1977,NY.GDP.MKTP.KD.ZG,8.76132560106353,gdp_growth_pct
1976,NY.GDP.MKTP.KD.ZG,6.88656497352524,gdp_growth_pct
1975,NY.GDP.MKTP.KD.ZG,4.97730086669512,gdp_growth_pct
1974,NY.GDP.MKTP.KD.ZG,7.6346729055067,gdp_growth_pct
1973,NY.GDP.MKTP.KD.ZG,8.1039755351653,gdp_growth_pct
1972,NY.GDP.MKTP.KD.ZG,7.03764320785962,gdp_growth_pct
1971,NY.GDP.MKTP.KD.ZG,7.02399719740848,gdp_growth_pct
1970,NY.GDP.MKTP.KD.ZG,7.55463451394223,gdp_growth_pct
1969,NY.GDP.MKTP.KD.ZG,6.82229824913614,gdp_growth_pct
1968,NY.GDP.MKTP.KD.ZG,10.9151785714295,gdp_growth_pct
1967,NY.GDP.MKTP.KD.ZG,1.38040280607036,gdp_growth_pct
1966,NY.GDP.MKTP.KD.ZG,2.79134682484525,gdp_growth_pct
1965,NY.GDP.MKTP.KD.ZG,1.08158946626055,gdp_growth_pct
1964,NY.GDP.MKTP.KD.ZG,3.52969814993797,gdp_growth_pct
1963,NY.GDP.MKTP.KD.ZG,-2.23702998571657,gdp_growth_pct
1962,NY.GDP.MKTP.KD.ZG,1.84197770236842,gdp_growth_pct
1961,NY.GDP.MKTP.KD.ZG,5.74064582266813,gdp_growth_pct
2024,FP.CPI.TOTL.ZG,2.18151273615189,inflation_pct
2023,FP.CPI.TOTL.ZG,3.66938654859761,inflation_pct
2022,FP.CPI.TOTL.ZG,4.20946463714784,inflation_pct
2021,FP.CPI.TOTL.ZG,1.56007882983334,inflation_pct
2020,FP.CPI.TOTL.ZG,1.91983527270793,inflation_pct
2019,FP.CPI.TOTL.ZG,3.03058460941661,inflation_pct
2018,FP.CPI.TOTL.ZG,3.19834755924996,inflation_pct
2017,FP.CPI.TOTL.ZG,3.80879857691949,inflation_pct
2016,FP.CPI.TOTL.ZG,3.52580452815451,inflation_pct
2015,FP.CPI.TOTL.ZG,6.36312061196646,inflation_pct
2014,FP.CPI.TOTL.ZG,6.39492882396559,inflation_pct
2013,FP.CPI.TOTL.ZG,6.41249457900391,inflation_pct
2012,FP.CPI.TOTL.ZG,4.2795142691943,inflation_pct
2011,FP.CPI.TOTL.ZG,5.35604849112582,inflation_pct
2010,FP.CPI.TOTL.ZG,5.13420639015885,inflation_pct
2009,FP.CPI.TOTL.ZG,4.38641311792074,inflation_pct
2008,FP.CPI.TOTL.ZG,10.2266663272483,inflation_pct
2007,FP.CPI.TOTL.ZG,6.40656087966005,inflation_pct
2006,FP.CPI.TOTL.ZG,13.108670985346,inflation_pct
2005,FP.CPI.TOTL.ZG,10.4532001873347,inflation_pct
2004,FP.CPI.TOTL.ZG,6.06406189133648,inflation_pct
2003,FP.CPI.TOTL.ZG,6.75731256333564,inflation_pct
2002,FP.CPI.TOTL.ZG,11.9001200338414,inflation_pct
2001,FP.CPI.TOTL.ZG,11.5001160550887,inflation_pct
2000,FP.CPI.TOTL.ZG,3.68862037056682,inflation_pct
1999,FP.CPI.TOTL.ZG,20.4778324428892,inflation_pct
1998,FP.CPI.TOTL.ZG,58.4510413515526,inflation_pct
1997,FP.CPI.TOTL.ZG,6.22615154887214,inflation_pct
1996,FP.CPI.TOTL.ZG,7.97328096513346,inflation_pct
1995,FP.CPI.TOTL.ZG,9.42030300572996,inflation_pct
1994,FP.CPI.TOTL.ZG,8.53199829189143,inflation_pct
1993,FP.CPI.TOTL.ZG,9.6719108926401,inflation_pct
1992,FP.CPI.TOTL.ZG,7.52351006242677,inflation_pct
1991,FP.CPI.TOTL.ZG,9.41906784347004,inflation_pct
1990,FP.CPI.TOTL.ZG,7.81919756505635,inflation_pct
1989,FP.CPI.TOTL.ZG,6.41554079916364,inflation_pct
1988,FP.CPI.TOTL.ZG,8.04535671530907,inflation_pct
1987,FP.CPI.TOTL.ZG,9.27865406602839,inflation_pct
1986,FP.CPI.TOTL.ZG,5.82266576732484,inflation_pct
1985,FP.CPI.TOTL.ZG,4.72453518543398,inflation_pct
1984,FP.CPI.TOTL.ZG,10.4550392231412,inflation_pct
1983,FP.CPI.TOTL.ZG,11.7997382076652,inflation_pct
1982,FP.CPI.TOTL.ZG,9.44542534921144,inflation_pct
1981,FP.CPI.TOTL.ZG,12.2659075874853,inflation_pct
1980,FP.CPI.TOTL.ZG,18.035422125313,inflation_pct
1979,FP.CPI.TOTL.ZG,16.2327695334308,inflation_pct
1978,FP.CPI.TOTL.ZG,8.11259425677378,inflation_pct
1977,FP.CPI.TOTL.ZG,11.0520846464477,inflation_pct
1976,FP.CPI.TOTL.ZG,19.8286499927534,inflation_pct
1975,FP.CPI.TOTL.ZG,19.1656916610533,inflation_pct
1974,FP.CPI.TOTL.ZG,40.491811600695,inflation_pct
1973,FP.CPI.TOTL.ZG,31.0418824339182,inflation_pct
1972,FP.CPI.TOTL.ZG,6.52174091852604,inflation_pct
1971,FP.CPI.TOTL.ZG,4.23374587741607,inflation_pct
1970,FP.CPI.TOTL.ZG,12.399468513041,inflation_pct
1969,FP.CPI.TOTL.ZG,15.4798773314404,inflation_pct
1968,FP.CPI.TOTL.ZG,128.843042071197,inflation_pct
1967,FP.CPI.TOTL.ZG,106.0,inflation_pct
1966,FP.CPI.TOTL.ZG,1136.2541122077,inflation_pct
1965,FP.CPI.TOTL.ZG,306.763110307415,inflation_pct
1964,FP.CPI.TOTL.ZG,108.994708994709,inflation_pct
1963,FP.CPI.TOTL.ZG,145.910780669145,inflation_pct
1962,FP.CPI.TOTL.ZG,131.397849462365,inflation_pct
1961,FP.CPI.TOTL.ZG,13.6919315403424,inflation_pct
1960,FP.CPI.TOTL.ZG,39.5904436860067,inflation_pct
2025,SL.UEM.TOTL.ZS,3.237,unemployment_pct
2024,SL.UEM.TOTL.ZS,3.301,unemployment_pct
2023,SL.UEM.TOTL.ZS,3.308,unemployment_pct
2022,SL.UEM.TOTL.ZS,3.462,unemployment_pct
2021,SL.UEM.TOTL.ZS,3.827,unemployment_pct
2020,SL.UEM.TOTL.ZS,4.255,unemployment_pct
2019,SL.UEM.TOTL.ZS,3.59,unemployment_pct
2018,SL.UEM.TOTL.ZS,4.387,unemployment_pct
2017,SL.UEM.TOTL.ZS,3.783,unemployment_pct
2016,SL.UEM.TOTL.ZS,4.301,unemployment_pct
2015,SL.UEM.TOTL.ZS,4.514,unemployment_pct
2014,SL.UEM.TOTL.ZS,4.049,unemployment_pct
2013,SL.UEM.TOTL.ZS,4.336,unemployment_pct
2012,SL.UEM.TOTL.ZS,4.468,unemployment_pct
2011,SL.UEM.TOTL.ZS,5.153,unemployment_pct
2010,SL.UEM.TOTL.ZS,5.614,unemployment_pct
2009,SL.UEM.TOTL.ZS,6.106,unemployment_pct
2008,SL.UEM.TOTL.ZS,7.208,unemployment_pct
2007,SL.UEM.TOTL.ZS,8.06,unemployment_pct
2006,SL.UEM.TOTL.ZS,7.551,unemployment_pct
2005,SL.UEM.TOTL.ZS,7.945,unemployment_pct
2004,SL.UEM.TOTL.ZS,7.303,unemployment_pct
2003,SL.UEM.TOTL.ZS,6.657,unemployment_pct
2002,SL.UEM.TOTL.ZS,6.604,unemployment_pct
2001,SL.UEM.TOTL.ZS,6.082,unemployment_pct
2000,SL.UEM.TOTL.ZS,6.077,unemployment_pct
1999,SL.UEM.TOTL.ZS,6.358,unemployment_pct
1998,SL.UEM.TOTL.ZS,5.459,unemployment_pct
1997,SL.UEM.TOTL.ZS,4.684,unemployment_pct
1996,SL.UEM.TOTL.ZS,4.861,unemployment_pct
1995,SL.UEM.TOTL.ZS,4.611,unemployment_pct
1994,SL.UEM.TOTL.ZS,4.366,unemployment_pct
1993,SL.UEM.TOTL.ZS,2.782,unemployment_pct
1992,SL.UEM.TOTL.ZS,2.734,unemployment_pct
1991,SL.UEM.TOTL.ZS,2.617,unemployment_pct
